{"goa": [15.3004543, 74.0855134], "mumbai": [19.076, 72.8777], "hyderabad": [17.360589, 78.4740613], "kerala": [10.3528744, 76.5120396], "tamil nadu": [10.9094334, 78.3665347], "andhra pradesh": [15.9240905, 80.1863809], "tirupathi": [16.9545281, 81.2565686], "pune": [18.5213738, 73.8545071], "shirdi": [19.7668121, 74.4754386], "nasik": [19.9834939, 73.8926931], "delhi": [28.7041, 77.1025], "bangalore": [12.9716, 77.5946], "trimbakeshwar temple, trimbak, maharashtra, india": [19.9321202, 73.53075485531997], "kholapuri, maharashtra, india": [20.4868236, 77.715075], "shingapura, karnataka, india": [14.9304666, 75.1888291], "bhimashankar temple, bhimashankar, maharashtra, india": [19.0719964, 73.53603880046276], "asif nagar mandal, telangana, india": [17.38437005, 78.44210523782218], "ganagapura dattatreya temple, tellura, karnataka, india": [17.1788527, 76.5346555], "tulja bhavani mata temple, pohara, maharashtra, india": [20.9303507, 77.7924088], "vitthal rukmini temple, pandharpur, maharashtra, india": [17.6774675, 75.3352163], "yellamma temple, chitradurga, karnataka, india": [14.2203299, 76.3993547], "shirdi sai baba temple, karnataka, india": [12.94836315, 77.71334500240863], "jyotiba temple, panhala, maharashtra, india": [16.7949426, 74.17619041465926], "gomukh temple, trimbak, maharashtra, india": [19.9156305, 73.5180543], "shri vitthal rukmini mandir, pandharpur, maharashtra, india": [17.677374450000002, 75.33551103589278], "yellamma temple road, karnataka, india": [12.974488449999999, 77.6510133], "shirdi saibaba temple, hubli, karnataka, india": [15.3748524, 75.1271532], "kholapuri gate police station, amravati, maharashtra, india": [20.9340259, 77.7389522], "mumbai, maharashtra, india": [19.054999, 72.8692035], "hyderabad, telangana, india": [17.360589, 78.4740613], "tamil nadu, india": [10.9094334, 78.3665347], "kerala, india": [10.3528744, 76.5120396], "jammu and kashmir, india": [33.6649297, 75.1629584], "shirdi saibaba temple, addakal, telangana, india": [16.5567534, 77.9572162], "punjab, india": [30.9293211, 75.5004841], "the island, chennai, tamil nadu, india": [13.0752882, 80.2790085], "swami vivekananda institute of technology, telangana, india": [17.4397363, 78.49620121149206], "hyderabad, telangana": [17.360589, 78.4740613], "mumbai, maharashtra": [19.054999, 72.8692035], "pune, maharashtra": [18.5213738, 73.8545071], "bangalore, karnataka": [12.94393425, 77.5091805440154], "chennai, tamil nadu": [13.0836939, 80.270186], "kashi, varanasi, uttar pradesh, india": [25.3268078, 83.0318039], "vrindavan, uttar pradesh, india": [27.5753726, 77.6938045], "high court of telangana, hyderabad, telangana, india": [17.3691653, 78.4721325], "punjab wedding cars, jalandhar, punjab, india": [31.2501702, 75.614612], "kerala kalamandalam, vettikattiri, kerala, india": [10.7371278, 76.27906397637167]}